{
  "dielectric_multilayer": {
    "area": 6.846097469329834,
    "thickness": 2.773565732638872e-08,
    "power": 38218907648.0,
    "v_final": 5186341.0,
    "v_final_c": 0.017299771430540792,
    "acceleration": 17287.802734375,
    "stress": 495555872.0,
    "temperature": 1489.551513671875,
    "mass": 0.0014747024979442358,
    "cost": 38218940416.0
  },
  "metamaterial_perfect": {
    "area": 1.4187266826629639,
    "thickness": 2.072315368195632e-07,
    "power": 254134501376.0,
    "v_final": 33260062.0,
    "v_final_c": 0.11094362487264439,
    "acceleration": 110866.875,
    "stress": 968796992.0,
    "temperature": 1993.5997314453125,
    "mass": 0.0015292088501155376,
    "cost": 254134566912.0
  },
  "aluminum_film": {
    "area": 1.0,
    "thickness": 1.0600264666038584e-08,
    "power": 1000000000.0,
    "v_final": 179004.15625,
    "v_final_c": 0.0005970935941623988,
    "acceleration": 596.6805419921875,
    "stress": 88768248.0,
    "temperature": 5153.701171875,
    "mass": 0.0010286207543686032,
    "cost": 1000000512.0
  }
}